Stock,Market_Bottom_Alpha
META,19.000000000000004
REGN,-23.0
FI,-32.0
GILD,-13.0
MITK,24.000000000000004
FIS,-1.0
IDCC,-4.0
COUR,16.000000000000004
AMAT,26.000000000000004
KLAC,33.0
NICE,-3.0
WFC,13.000000000000004
AMD,54.0
LLY,-15.0
NVO,-10.0
DELL,52.0
BP,-2.0
NOK,-10.0
RMBS,31.000000000000004
EL,57.0
UIS,0.0
ILMN,21.000000000000004
GOOG,1.0
SNPS,22.000000000000004
GRAL,94.0
UNH,-66.0
GNRC,27.000000000000004
TXN,27.000000000000004
ROK,37.0
