Stock,Market_Bottom_Alpha
GRAL,94.0
EL,57.0
AMD,54.0
DELL,52.0
ROK,37.0
KLAC,33.0
RMBS,31.000000000000004
GNRC,27.000000000000004
TXN,27.000000000000004
AMAT,26.000000000000004
MITK,24.000000000000004
SNPS,22.000000000000004
ILMN,21.000000000000004
META,19.000000000000004
COUR,16.000000000000004
WFC,13.000000000000004
GOOG,1.0
UIS,0.0
FIS,-1.0
BP,-2.0
NICE,-3.0
IDCC,-4.0
NVO,-10.0
NOK,-10.0
GILD,-13.0
LLY,-15.0
REGN,-23.0
FI,-32.0
UNH,-66.0
